{
  "namespace": "catbtn",
  
  "cat_btn": {
    "type": "stack_panel",
    "size": ["99%",30],
    "collection_name": "form_buttons",
    "$cat_index|default": 0,
    "bindings": [
      {
        "binding_name": "#form_button_contents",
        "binding_name_override": "#collection_length"
      }
    ],
    "controls": [
      {
        "catbtnmain@catbtn.cat_btnmain": {
          "$catind": "$cat_index"
        }
      }
    ]
  },
  
  "cat_btnmain@common_buttons.light_text_button": {
    "$catind|default": 0,
    "collection_index": "$catind",
    "size": ["100%","100%"],
    "$pressed_button_name": "button.form_button_click",
    "$button_text": "#form_button_text",
    "$button_text_binding_type": "collection",
    "$button_text_grid_collection_name": "form_buttons",
    "bindings": [
      {
        "binding_type": "collection_details",
        "binding_collection_name": "form_buttons"
      }
    ],
    "controls":[
      {
        "catstate@catbtn.catbtn_state": {}
      }
    ]
  },
  
  "catbtn_state": {
    "type": "panel",
    "size": ["100%","100%"],
    "controls": [
      {
        "catsel@catbtn.catbtn_selected": {}
      },
      {
        "catsel@catbtn.catbtn_default": {}
      }
    ]
  },
  
  "catbtn_selected": {
    "type": "panel",
    "size": ["100%","100%"],
    "$text_name": "#form_button_text",
    "bindings": [
      {
        "binding_name": "#form_button_text",
        "binding_type": "collection",
        "binding_collection_name": "form_buttons"
      },
      {
        "binding_type": "collection_details",
        "binding_collection_name": "form_buttons"
      },
      {
        "binding_type": "view",
        "source_property_name": "(not (($text_name - '§s§e§l§r') = $text_name))",
        "target_property_name": "#visible"
      }
    ],
    "controls": [
      {
        "icon@catbtn.cat_icon": {}
      },
      {
        "label_text": {
          "type": "label",
          "offset": [50,0],
          "anchor_from": "right_middle",
          "anchor_to": "right_middle",
          "size": ["100%","default"],
          "text": "#form_button_text",
          "color": "white",
          "shadow": true,
          "layer": 10,
          "text_alignment": "left",
          "bindings": [
            {
              "binding_name": "#form_button_text",
              "binding_type": "collection",
              "binding_collection_name": "form_buttons"
            },
            {
              "binding_type": "collection_details",
              "binding_collection_name": "form_buttons"
            }
          ]
        }
      },
      {
        "selbg": {
          "type": "image",
          "texture": "textures/sui/nav_pressed",
          "alpha": 0.5,
          "size": ["100%","100%"],
          "anchor_from": "center",
          "anchor_to": "center",
          "$text_name": "#form_button_text",
          "bindings": [
            {
              "binding_name": "#form_button_text",
              "binding_type": "collection",
              "binding_collection_name": "form_buttons"
            },
            {
              "binding_type": "collection_details",
              "binding_collection_name": "form_buttons"
            },
            {
              "binding_type": "view",
              "source_property_name": "(not (($text_name - '§s§e§l§r') = $text_name))",
              "target_property_name": "#visible"
            }
          ]
        }
      }
    ]
  },
  "catbtn_default": {
    "type": "panel",
    "size": ["100%","100%"],
    "$text_name": "#form_button_text",
    "alpha": 0.5,
    "bindings": [
      {
        "binding_name": "#form_button_text",
        "binding_type": "collection",
        "binding_collection_name": "form_buttons"
      },
      {
        "binding_type": "collection_details",
        "binding_collection_name": "form_buttons"
      },
      {
        "binding_type": "view",
        "source_property_name": "(($text_name - '§s§e§l§r') = $text_name)",
        "target_property_name": "#visible"
      }
    ],
    "controls": [
      {
        "icon@catbtn.cat_icon": {
          "alpha": 0.5
        }
      },
      {
        "label_text": {
          "type": "label",
          "alpha": 0.5,
          "offset": [50,0],
          "anchor_from": "right_middle",
          "anchor_to": "right_middle",
          "size": ["100%","default"],
          "text": "#form_button_text",
          "color": "white",
          "shadow": true,
          "layer": 10,
          "text_alignment": "left",
          "bindings": [
            {
              "binding_name": "#form_button_text",
              "binding_type": "collection",
              "binding_collection_name": "form_buttons"
            },
            {
              "binding_type": "collection_details",
              "binding_collection_name": "form_buttons"
            }
          ]
        }
      },
      {
        "selbg": {
          "type": "image",
          "texture": "textures/sui/nav_pressed",
          "alpha": 0.5,
          "size": ["100%","100%"],
          "anchor_from": "center",
          "anchor_to": "center",
          "$text_name": "#form_button_text",
          "bindings": [
            {
              "binding_name": "#form_button_text",
              "binding_type": "collection",
              "binding_collection_name": "form_buttons"
            },
            {
              "binding_type": "collection_details",
              "binding_collection_name": "form_buttons"
            },
            {
              "binding_type": "view",
              "source_property_name": "(not (($text_name - '§s§e§l§r') = $text_name))",
              "target_property_name": "#visible"
            }
          ]
        }
      }
    ]
  },
  
  "cat_icon": {
    "type": "image",
    "anchor_from": "left_middle",
    "anchor_to": "left_middle",
    "offset": [20,0],
    "layer": 3,
    "size": [20,20],
    "texture": "#texture",
    "bindings":[
      {
        "binding_name": "#form_button_texture",
        "binding_name_override": "#texture",
        "binding_type": "collection",
        "binding_collection_name": "form_buttons"
      },
      {
        "binding_name": "#form_button_texture_file_system",
        "binding_name_override": "#texture_file_system",
        "binding_type": "collection",
        "binding_collection_name": "form_buttons"
      },
      {
        "binding_type": "view",
        "source_property_name": "(not ((#texture = '') or (#texture = 'loading')))",
        "target_property_name": "#visible"
      }
    ]
  }
}