{
  "namespace": "marketform",
  
  "market_form": {
    "$text_name": "#title_text",
    "type": "stack_panel",
    "size": [500,300],
    "bindings": [
      {
        "binding_type": "view",
        "source_property_name": "($text_name = 'esmp:market_form')",
        "target_property_name": "#visible"
      }
    ],
    "controls": [
      {
        "header@marketform.header": {}
      },
      {
        "content_panel": {
          "type": "stack_panel",
          "orientation": "horizontal",
          "size": ["100%", "85%"],
          "controls": [
            {
              "padding": {
                "type": "panel",
                "size": ["0.5%",0]
              }
            },
            {
              "content@marketform.content": {}
            }
          ]
        }
      }
    ]
  },
  
  "header": {
    "type": "image",
    "texture": "textures/sui/outlined_header_bg",
    "size": ["100%", "15%"],
    "controls": [
      {
        "h_text": {
          "type": "label",
          "size": ["100%", "100%"],
          "text": "MARKET",
          "font_type": "MinecraftTen",
          "text_alignment": "center",
          "font_scale_factor": 2.5,
          "color": "black",
          "anchor_from": "bottom_middle",
          "anchor_to": "bottom_middle",
          "offset": [0,5]
        }
      }
    ]
  },
  
  "content": {
    "type": "stack_panel",
    "orientation": "horizontal",
    "size": ["99%","90%"],
    "controls": [
      {
        "categories@marketform.categories": {}
      },
      {
        "shop@marketform.shop": {}
      }
    ]
  },
  
  "categories": {
    "type": "image",
    "texture": "textures/sui/sidebar_bg",
    "size": ["30%", "100%"],
    "controls": [
      {
        "catitem@marketform.cat_item": {}
      }
    ]
  },
  "cat_item": {
    "type": "stack_panel",
    "size": ["100%","100%"],
    "collection_name": "form_buttons",
    "bindings": [
      {
        "binding_name": "#form_button_contents",
        "binding_name_override": "#collection_length"
      }
    ],
    "controls": [
      {
        "catbtn@catbtn.cat_btn": {"$cat_index": 20}
      },
      {
        "padding1": {
          "type": "panel",
          "size": [0,3]
        }
      },
      {
        "catbtn@catbtn.cat_btn": {"$cat_index": 21}
      },
      {
        "padding2": {
          "type": "panel",
          "size": [0,3]
        }
      },
      {
        "catbtn@catbtn.cat_btn": {"$cat_index": 22}
      },
      {
        "padding3": {
          "type": "panel",
          "size": [0,3]
        }
      },
      {
        "catbtn@catbtn.cat_btn": {"$cat_index": 23}
      },
      {
        "padding4": {
          "type": "panel",
          "size": [0,3]
        }
      },
      {
        "catbtn@catbtn.cat_btn": {"$cat_index": 24}
      },
      {
        "padding4": {
          "type": "panel",
          "size": [0,3]
        }
      },
      {
        "catbtn@catbtn.cat_btn": {"$cat_index": 25}
      },
      {
        "padding6": {
          "type": "panel",
          "size": [0,3]
        }
      },
      {
        "catbtn@catbtn.cat_btn": {"$cat_index": 26}
      }
    ]
  },
  
  "shop": {
    "type": "stack_panel",
    "size": ["70%", "100%"],
    "controls": [
      {
        "body@marketform.content_shop": {}
      }
    ]
  },
  "content_shop": {
    "type": "image",
    "size": ["100%", "100%"],
    "texture": "textures/sui/content_bg",
    "controls": [
      {
        "scrolling_panel@common.scrolling_panel": {
          "$show_background": false,
          "size": [ "100%", "100%" ],
          "$scrolling_content": "marketform.items_grid",
          "$scroll_size": [ 5, "100% - 4px" ],
          "$scrolling_pane_size": [ "100% - 4px", "100% - 2px" ],
          "$scrolling_pane_offset": [ 10, 5 ],
          "$scroll_bar_right_padding_size": [ 0, 0 ]
        }
      }
    ]
  },
  
  "items_grid": {
    "type": "grid",
    "anchor_from": "top_middle",
    "anchor_to": "top_middle",
    "grid_dimensions": [5,4],
    "grid_item_template": "shopgrid.grid_item",
    "collection_name": "form_buttons",
    "bindings": [
      {
        "binding_name": "#form_button_length",
        "binding_name_override": "#collection_length"
      }
    ]
  }
}