{
  "namespace": "shopgrid",
  
  "grid_item": {
    "type": "panel",
    "offset": [5,0],
    "size": [65, 80],
    "bindings":[
      {
        "binding_name": "#form_button_texture",
        "binding_name_override": "#texture",
        "binding_type": "collection",
        "binding_collection_name": "form_buttons"
      },
      {
        "binding_name": "#form_button_texture_file_system",
        "binding_name_override": "#texture_file_system",
        "binding_type": "collection",
        "binding_collection_name": "form_buttons"
      },
      {
        "binding_type": "view",
        "source_property_name": "(not ((#texture = '') or (#texture = 'loading')))",
        "target_property_name": "#visible"
      }
    ],
    "controls": [
      {
        "icon": {
          "type": "image",
          "size": [30,30],
          "offset": [0,-13],
          "layer": 10,
          "bindings":[
            {
              "binding_name": "#form_button_texture",
              "binding_name_override": "#texture",
              "binding_type": "collection",
              "binding_collection_name": "form_buttons"
            },
            {
              "binding_name": "#form_button_texture_file_system",
              "binding_name_override": "#texture_file_system",
              "binding_type": "collection",
              "binding_collection_name": "form_buttons"
            },
            {
              "binding_type": "view",
              "source_property_name": "(not ((#texture = '') or (#texture = 'loading')))",
              "target_property_name": "#visible"
            }
          ]
        }
      },
      {
        "shop_btn@shopgrid.shop_button": {}
      }
    ]
  },
  "shop_button@common_buttons.light_text_button": {
    "$pressed_button_name": "button.form_button_click",
    "$button_text": " ",
    "$button_text_binding_type": "collection",
    "$button_text_grid_collection_name": "form_buttons",
    "$button_text_max_size": [ "100%", 20 ],
    "size": ["90%","90%"],
    "layer": 1,
    "$default_button_texture": "textures/sui/button_white/button_default",
    "$hover_button_texture": "textures/sui/button_green/button_hover",
    "$pressed_button_texture": "textures/sui/button_green/button_pressed",
    "bindings": [
      {
        "binding_type": "collection_details",
        "binding_collection_name": "form_buttons"
      }
    ],
    "controls": [
      {
        "default@shopgrid.grid_btn": {}
      },
      {
        "hover@shopgrid.grid_btn": {
          "$texture": "$hover_button_texture",
          "$bgtexture": "$hover_button_texture"
        }
      },
      {
        "pressed@shopgrid.grid_btn": {
          "$texture": "$pressed_button_texture",
          "$bgtexture": "$pressed_button_texture"
        }
      }
    ]
  },
  "grid_btn": {
    "type": "panel",
    "$texture|default": "textures/sui/button_white/button_default",
    "$bgtexture|default": "textures/sui/button_green/button_default",
    "controls": [
      {
        "defaultbg": {
          "type": "image",
          "size": ["100%","100%"],
          "texture": "$texture"
        }
      },
      {
        "label@shopgrid.label": {
          "$bgtext": "$bgtexture"
        }
      }
    ]
  },
  "label": {
	  "type": "panel",
	  "size": ["100%","35%"],
	  "$bgtext|default": "textures/sui/button_green/button_default",
	  "anchor_from": "bottom_middle",
	  "anchor_to": "bottom_middle",
    "controls": [
      {
        "item_details": {
          "type": "image",
          "size": ["100%","100%"],
          "texture": "$bgtext",
          "layer": 10,
          "controls": [
            {
              "item_details_label": {
                "type": "label",
                "text": "#form_button_text",
                "text_alignment": "center",
                "color": "white",
                "bindings": [
                  {
                    "binding_name": "#form_button_text",
                    "binding_type": "collection",
                    "binding_collection_name": "form_buttons"
                  },
                  {
                    "binding_type": "collection_details",
                    "binding_collection_name": "form_buttons"
                  }
                ]
              }
            }
          ]
        }
      }
    ]
  }
}