{
  "namespace": "server_form",

  "main_screen_content": {
    "controls": [
        {
          "server_form_factory": {
              "type": "factory",
              "control_ids": {
              "long_form": "@server_form.form_types",
              "custom_form": "@server_form.custom_form"
          }
        }
      }
    ]
  },

  "form_types": {
    "type": "panel",
    "controls": [
      {
      "long_form@server_form.long_form": {}
      },
      {
      "market_form@marketform.market_form": {}
      }
    ]
  },
  
  "long_form@common_dialogs.main_panel_no_buttons": {
    "$text_name": "#title_text",
    "bindings": [
      {
        "binding_type": "view",
        "source_property_name": "(not (($text_name = 'esmp:market_form')))",
        "target_property_name": "#visible"
      }
    ]
  }
}